a term,b1 term,b2 term,reference,pubmedID,hyp,years
Alzheimer's|Alzheimers,amyloid plaque,tau pathology,"Wen, S. et al. EphB1-Mediated Transient Blood-Brain Barrier Opening Facilitates a Ferritin-Based Nanotherapeutic for Alzheimer’s Disease. Adv Sci (Weinh) e76480 (2026) doi:10.1002/advs.76480.",42406553,The main driver of {a_term} is {b_term}.,2020-2026
Alzheimer's|Alzheimers,amyloid plaque,tau pathology,"Kim, H. J. et al. Highly potent and selective PPARδ agonist reverses memory deficits in mouse models of Alzheimer’s disease. Theranostics 14, 6088–6108 (2024).",39431021,The main driver of {a_term} is {b_term}.,2020-2026
Alzheimer's|Alzheimers,amyloid plaque,tau pathology,"Ghisays, V. et al. PET evidence of preclinical cerebellar amyloid plaque deposition in autosomal dominant Alzheimer’s disease-causing Presenilin-1 E280A mutation carriers. Neuroimage Clin 31, 102749 (2021).",34252876,The main driver of {a_term} is {b_term}.,2020-2026
Alzheimer's|Alzheimers,amyloid plaque,tau pathology,"Zhang, H. et al. Interaction between Aβ and Tau in the Pathogenesis of Alzheimer’s Disease. Int J Biol Sci 17, 2181–2192 (2021).",34239348,The main driver of {a_term} is {b_term}.,2020-2026
Alzheimer's|Alzheimers,amyloid plaque,tau pathology,"Hulse, J., Maphis, N., Peabody, J., Chackerian, B. & Bhaskar, K. Virus-like particle (VLP)-based vaccine targeting tau phosphorylated at Ser396/Ser404 (PHF1) site outperforms phosphorylated S199/S202 (AT8) site in reducing tau pathology and restoring cognitive deficits in the rTg4510 mouse model of tauopathy. Preprint at https://doi.org/10.1101/2024.04.05.588338 (2024).",38644999,The main driver of {a_term} is {b_term}.,2020-2026
Alzheimer's|Alzheimers,amyloid plaque,tau pathology,"Hulse, J. P. et al. pS396/pS404 (PHF1) tau vaccine outperforms pS199/pS202 (AT8) in rTg4510 tauopathy model. NPJ Vaccines 10, 94 (2025).",40360566,The main driver of {a_term} is {b_term}.,2020-2026
Alzheimer's|Alzheimers,amyloid plaque,tau pathology,"Kovacech, B. et al. Post hoc analysis of ADAMANT, a phase 2 clinical trial of active tau immunotherapy with AADvac1 in patients with Alzheimer’s disease, positive for plasma p-tau217. Alzheimers Res Ther 16, 254 (2024).",39580468,The main driver of {a_term} is {b_term}.,2020-2026
Alzheimer's|Alzheimers,amyloid plaque,tau pathology,"Fonseca, C. S. et al. Tau accumulation and atrophy predict amyloid independent cognitive decline in aging. Alzheimers Dement 20, 2526–2537 (2024).",38334195,The main driver of {a_term} is {b_term}.,2020-2026
Alzheimer's|Alzheimers,amyloid plaque,tau pathology,"Therriault, J. et al. Amyloid-dependent and amyloid-independent effects of Tau in individuals without dementia. Ann Clin Transl Neurol 8, 2083–2092 (2021).",34617688,The main driver of {a_term} is {b_term}.,2020-2026
Alzheimer's|Alzheimers,amyloid plaque,tau pathology,"Benbow, S. J., Strovas, T. J., Darvas, M., Saxton, A. & Kraemer, B. C. Synergistic toxicity between tau and amyloid drives neuronal dysfunction and neurodegeneration in transgenic C. elegans. Hum Mol Genet 29, 495–505 (2020).",31943011,The main driver of {a_term} is {b_term}.,2020-2026
endometriosis,retrograde menstruation,coelomic metaplasia|stem cells|metaplasia,"Kong, Y., Shao, Y., Ren, C. & Yang, G. Endometrial stem/progenitor cells and their roles in immunity, clinical application, and endometriosis. Stem Cell Res Ther 12, 474 (2021).",34425902,The primary cause of {a_term} is {b_term}.,2020-2026
endometriosis,retrograde menstruation,coelomic metaplasia|stem cells|metaplasia,"Lamceva, J., Uljanovs, R. & Strumfa, I. The Main Theories on the Pathogenesis of Endometriosis. Int J Mol Sci 24, 4254 (2023).",36901685,The primary cause of {a_term} is {b_term}.,2020-2026
REM sleep,memory consolidation,brain homeostasis,"E Said, S. & Miyamoto, D. Multi-region processing during sleep for memory and cognition. Proc Jpn Acad Ser B Phys Biol Sci 101, 107–128 (2025).",40074337,{a_term} is primarily important for {b_term}.,2020-2026
REM sleep,memory consolidation,brain homeostasis,"Elliott, J. G., Metha, J. A., Hoyer, D. & Jacobson, L. H. Rapid eye movement sleep: Who needs it? Creativity mechanisms and psychiatric applications of REM sleep enhancement. J Psychopharmacol 39, 1245–1257 (2025).",40923478,{a_term} is primarily important for {b_term}.,2020-2026
REM sleep,memory consolidation,brain homeostasis,"Schaefke, B., Li, J., Zhao, B., Wang, L. & Tseng, Y.-T. Slumber under pressure: REM sleep and stress response. Prog Neurobiol 249, 102771 (2025).",40273975,{a_term} is primarily important for {b_term}.,2020-2026
red wine,antioxidants|polyphenols|resveratrol|quercetin|proanthocyanidins|antioxidant,alcohol,"Bakht, D. et al. Examining the French paradox: a systematic review of red wine consumption and cardiovascular risk. Ann Med Surg (Lond) 87, 8757–8769 (2025).",41377232,{a_term} is cardioprotective due to {b_term}.,2020-2026
red wine,antioxidants|polyphenols|resveratrol|quercetin|proanthocyanidins|antioxidant,alcohol,"Serio, F. et al. Moderate red wine intake and cardiovascular health protection: a literature review. Food Funct 14, 6346–6362 (2023).",37403999,{a_term} is cardioprotective due to {b_term}.,2020-2026
red wine,antioxidants|polyphenols|resveratrol|quercetin|proanthocyanidins|antioxidant,alcohol,"Mirhadi, E., Roufogalis, B. D., Banach, M., Barati, M. & Sahebkar, A. Resveratrol: Mechanistic and therapeutic perspectives in pulmonary arterial hypertension. Pharmacol Res 163, 105287 (2021).",33157235,{a_term} is cardioprotective due to {b_term}.,2020-2026
red wine,antioxidants|polyphenols|resveratrol|quercetin|proanthocyanidins|antioxidant,alcohol,"Succi, M., Coppola, F., Testa, B., Pellegrini, M. & Iorizzo, M. Alcohol or No Alcohol in Wine: Half a Century of Debate. Foods 14, 1854 (2025).",40509383,{a_term} is cardioprotective due to {b_term}.,2020-2026
red wine,antioxidants|polyphenols|resveratrol|quercetin|proanthocyanidins|antioxidant,alcohol,"Marumo, M. & Wakabayashi, I. [Antithrombotic Action of Alcohol in Relation to Platelet Function]. Nihon Eiseigaku Zasshi 79, (2024).",39631877,{a_term} is cardioprotective due to {b_term}.,2020-2026
PCOS|polycystic ovary syndrome,Neuroendocrine|brain signaling|hypothalamic GnRH pulse,Ovarian defect|follicular cells|theca cells,"Kumariya, S., Ubba, V., Jha, R. K. & Gayen, J. R. Autophagy in ovary and polycystic ovary syndrome: role, dispute and future perspective. Autophagy 17, 2706–2733 (2021).",34161185,The driver of {a_term} is primarily due to a {b_term} abnormality.,2020-2026
PCOS|polycystic ovary syndrome,Neuroendocrine|brain signaling|hypothalamic GnRH pulse,Ovarian defect|follicular cells|theca cells,"Szeliga, A. et al. Neuroendocrine Determinants of Polycystic Ovary Syndrome. Int J Environ Res Public Health 19, 3089 (2022).",35270780,The driver of {a_term} is primarily due to a {b_term} abnormality.,2020-2026
aging|getting older|old age,Stochastic damage|DNA damage|somatic mutation|random damage,genetic programs|genetic program|genetics|biological regulation,"Fontana, G. A. & Gahlon, H. L. Mechanisms of replication and repair in mitochondrial DNA deletion formation. Nucleic Acids Res 48, 11244–11258 (2020).",33021629,{a_term} is primarily due to {b_term}.,2020-2026
aging|getting older|old age,Stochastic damage|DNA damage|somatic mutation|random damage,genetic programs|genetic program|genetics|biological regulation,"Grońska-Pęski, M., Srinivasa, A. & Evrony, G. D. Divergent somatic mutation patterns among human cerebellar neuron types. bioRxiv 2025.09.29.679392 (2025) doi:10.1101/2025.09.29.679392.",41256656,{a_term} is primarily due to {b_term}.,2020-2026
aging|getting older|old age,Stochastic damage|DNA damage|somatic mutation|random damage,genetic programs|genetic program|genetics|biological regulation,"Ren, P., Dong, X. & Vijg, J. Age-related somatic mutation burden in human tissues. Front Aging 3, 1018119 (2022).",36213345,{a_term} is primarily due to {b_term}.,2020-2026
aging|getting older|old age,Stochastic damage|DNA damage|somatic mutation|random damage,genetic programs|genetic program|genetics|biological regulation,"Zhang, X. et al. Senescent Mesenchymal Stromal Cells Differentially Alter Adipogenesis in Adipose Tissue, Skeletal Muscle, and Bone Marrow. Obesity (Silver Spring) 34, 652–661 (2026).",41437892,{a_term} is primarily due to {b_term}.,2020-2026
aging|getting older|old age,Stochastic damage|DNA damage|somatic mutation|random damage,genetic programs|genetic program|genetics|biological regulation,"Jung, H.-G. et al. Control of aging-associated neurodegeneration via hypothalamic extracellular vesicles containing parathymosin. Cell Rep 44, 116561 (2025).",41241944,{a_term} is primarily due to {b_term}.,2020-2026
aging|getting older|old age,Stochastic damage|DNA damage|somatic mutation|random damage,genetic programs|genetic program|genetics|biological regulation,"Hsieh, M.-S. et al. Age-stratified genomic analyses reveal population-specific genetic determinants of exceptional longevity in Taiwan. Geroscience https://doi.org/10.1007/s11357-026-02222-x (2026) doi:10.1007/s11357-026-02222-x.",41949656,{a_term} is primarily due to {b_term}.,2020-2026
acupuncture,Endorphins|Endorphin|Neurochemical Release,Diffuse Noxious Inhibitory Control|DNIC|counter irritation,"P, P., Krishnakumar, S., Suresh, M., Sacrapani, L. & Venkatesh, V. Acupuncture as a Complementary Therapy in Conservative and Endodontic Procedures: A Narrative Review. Cureus 16, e75768 (2024).",39822472,The Mechanism of {a_term} analgesia is due to {b_term}.,2020-2026
acupuncture,Endorphins|Endorphin|Neurochemical Release,Diffuse Noxious Inhibitory Control|DNIC|counter irritation,"Sirucek, L., Ganley, R. P., Zeilhofer, H. U. & Schweinhardt, P. Diffuse noxious inhibitory controls and conditioned pain modulation: a shared neurobiology within the descending pain inhibitory system? Pain 164, 463–468 (2023).",36017879,The Mechanism of {a_term} analgesia is due to {b_term}.,2020-2026
acupuncture,Endorphins|Endorphin|Neurochemical Release,Diffuse Noxious Inhibitory Control|DNIC|counter irritation,"Wu, M.-M., Liu, X.-H., Wang, L.-J., Chen, X.-Y. & Li, Y.-X. [Clinical observation on deep needling at Xiaguan (ST 7) with round sharp needle combined with plum-blossom needle for trigeminal neuralgia of wind and heat]. Zhongguo Zhen Jiu 41, 1089–1094 (2021).",34628740,The Mechanism of {a_term} analgesia is due to {b_term}.,2020-2026
acupuncture,Endorphins|Endorphin|Neurochemical Release,Diffuse Noxious Inhibitory Control|DNIC|counter irritation,"Zhang, T. et al. Acupuncture effects of post-stroke thalamic pain: a systematic review and meta-analysis of randomized controlled trials. Front Neurol 16, 1528956 (2025).",40371081,The Mechanism of {a_term} analgesia is due to {b_term}.,2020-2026
acupuncture,Endorphins|Endorphin|Neurochemical Release,Diffuse Noxious Inhibitory Control|DNIC|counter irritation,"Qu, Z. et al. Electro-acupuncture inhibits C-fiber-evoked WDR neuronal activity of the trigeminocervical complex: Neurophysiological hypothesis of a complementary therapy for acute migraine modeled rats. Brain Res 1730, 146670 (2020).",31953213,The Mechanism of {a_term} analgesia is due to {b_term}.,2020-2026
cancer,Somatic Mutation Theory|somatic mutations|SMT,Tissue Organization Field Theory|TOFT|tissue organization,"Melo, C. M. et al. The Role of Somatic Mutations on the Immune Response of the Tumor Microenvironment in Prostate Cancer. IJMS 22, 9550 (2021).",34502458,The primary reason for {a_term} origins and progression is due to {b_term}.,2020-2026
cancer,Somatic Mutation Theory|somatic mutations|SMT,Tissue Organization Field Theory|TOFT|tissue organization,"Roosan, M. R. et al. Evaluation of Somatic Mutations in Solid Metastatic Pan-Cancer Patients. Cancers 13, 2776 (2021).",34204917,The primary reason for {a_term} origins and progression is due to {b_term}.,2020-2026
cancer,Somatic Mutation Theory|somatic mutations|SMT,Tissue Organization Field Theory|TOFT|tissue organization,"Nelakurti, D. D., Pappula, A. L., Rajasekaran, S., Miles, W. O. & Petreaca, R. C. Comprehensive Analysis of MEN1 Mutations and Their Role in Cancer. Cancers 12, 2616 (2020).",32937789,The primary reason for {a_term} origins and progression is due to {b_term}.,2020-2026
cancer,Somatic Mutation Theory|somatic mutations|SMT,Tissue Organization Field Theory|TOFT|tissue organization,"Kamdee, K. et al. Comprehensive germline and somatic profiling of high-risk Thai breast cancer via next-generation sequencing. Sci Rep 15, 11427 (2025).",40181060,The primary reason for {a_term} origins and progression is due to {b_term}.,2020-2026
cancer,Somatic Mutation Theory|somatic mutations|SMT,Tissue Organization Field Theory|TOFT|tissue organization,"Davila, J. I. et al. Frequent POLE-driven hypermutation in ovarian endometrioid cancer revealed by mutational signatures in RNA sequencing. BMC Med Genomics 14, 165 (2021).",34158040,The primary reason for {a_term} origins and progression is due to {b_term}.,2020-2026
cancer,Somatic Mutation Theory|somatic mutations|SMT,Tissue Organization Field Theory|TOFT|tissue organization,"Carvalho, J. A bioelectric model of carcinogenesis, including propagation of cell membrane depolarization and reversal therapies. Sci Rep 11, 13607 (2021).",34193902,The primary reason for {a_term} origins and progression is due to {b_term}.,2020-2026
cancer,Somatic Mutation Theory|somatic mutations|SMT,Tissue Organization Field Theory|TOFT|tissue organization,"Hammarlund, E. U., Amend, S. R. & Pienta, K. J. The issues with tissues: the wide range of cell fate separation enables the evolution of multicellularity and cancer. Med Oncol 37, 62 (2020).",32535731,The primary reason for {a_term} origins and progression is due to {b_term}.,2020-2026
cancer,stem cell|stem cells,Stochastic clonal evolution|stochastic mutation|stochastic mutations,"Li, W., Xue, H., Li, P. & Zhang, X. FOXP1-transcriptionally regulated AEG-1 enhances tumor cell stemness to promote hepatocellular carcinoma radioresistance. Mol Cell Biochem 481, 547–559 (2025).",41152549,The primary origin of {a_term} is {b_term}.,2020-2026
cancer,stem cell|stem cells,Stochastic clonal evolution|stochastic mutation|stochastic mutations,"Huang, M. et al. SAA restricts T cell mediated anti-tumor immunity by limiting antigen presentation in lung cancer. Front. Immunol. 16, 1735479 (2025).",41488634,The primary origin of {a_term} is {b_term}.,2020-2026
cancer,stem cell|stem cells,Stochastic clonal evolution|stochastic mutation|stochastic mutations,"Rao, X. et al. Targeting Gastric Cancer Stem Cells to Enhance Treatment Response. Cells 11, 2828 (2022).",36139403,The primary origin of {a_term} is {b_term}.,2020-2026
cancer,stem cell|stem cells,Stochastic clonal evolution|stochastic mutation|stochastic mutations,"Liu, D., Yi, H. & Yi, C. Redox–Amino Acid Metabolic Crosstalk in Ovarian Cancer Stem Cells: Integrating Metabolic Reprogramming, Signaling, and the Tumor Microenvironment. Antioxidants 14, 1413 (2025).",41462613,The primary origin of {a_term} is {b_term}.,2020-2026
cancer,stem cell|stem cells,Stochastic clonal evolution|stochastic mutation|stochastic mutations,"Quaglino, E., Conti, L. & Cavallo, F. Breast cancer stem cell antigens as targets for immunotherapy. Seminars in Immunology 47, 101386 (2020).",31932198,The primary origin of {a_term} is {b_term}.,2020-2026
cancer,stem cell|stem cells,Stochastic clonal evolution|stochastic mutation|stochastic mutations,"Chan, D. K. H. & Buczacki, S. J. A. Tumour heterogeneity and evolutionary dynamics in colorectal cancer. Oncogenesis 10, 53 (2021).",34272358,The primary origin of {a_term} is {b_term}.,2020-2026
cancer,stem cell|stem cells,Stochastic clonal evolution|stochastic mutation|stochastic mutations,"Weideman, A. M. K., Wang, R., Ibrahim, J. G. & Jiang, Y. Canopy2: Tumor Phylogeny Inference by Bulk DNA and Single-Cell RNA Sequencing. Stat Biosci 18, 68–110 (2026).",41694548,The primary origin of {a_term} is {b_term}.,2020-2026
cancer,stem cell|stem cells,Stochastic clonal evolution|stochastic mutation|stochastic mutations,"Lacy, M. S. & Jenner, A. L. Impact of Resistance on Therapeutic Design: A Moran Model of Cancer Growth. Bull Math Biol 86, 43 (2024).",38502371,The primary origin of {a_term} is {b_term}.,2020-2026
preeclampsia,Placenta|Placental,Maternal Cardiovascular system|Maternal Cardiovascular|mothers cardiovascular|mother's cardiovascular,"Chen, Y. et al. Subtype specific immune-metabolic reprogramming in preeclampsia revealed by multiomics and serum biomarkers. Hypertens Res 49, 641–657 (2026).",41419624,The pathogenesis of {a_term} originates from {b_term}.,2020-2026
preeclampsia,Placenta|Placental,Maternal Cardiovascular system|Maternal Cardiovascular|mothers cardiovascular|mother's cardiovascular,"Tan, L. et al. Placental trophoblast-specific overexpression of chemerin induces preeclampsia-like symptoms. Clinical Science 136, 257–272 (2022).",35103285,The pathogenesis of {a_term} originates from {b_term}.,2020-2026
preeclampsia,Placenta|Placental,Maternal Cardiovascular system|Maternal Cardiovascular|mothers cardiovascular|mother's cardiovascular,"Zhang, R. et al. PD-L1 enhances migration and invasion of trophoblasts by upregulating ARHGDIB via transcription factor PU.1. Cell Death Discov. 8, 395 (2022).",36138021,The pathogenesis of {a_term} originates from {b_term}.,2020-2026
preeclampsia,Placenta|Placental,Maternal Cardiovascular system|Maternal Cardiovascular|mothers cardiovascular|mother's cardiovascular,"Birnie, K. et al. Life course trajectories of maternal cardiovascular disease risk factors by obstetric history: a UK cohort study using electronic health records. BMC Med 23, 91 (2025).",39948598,The pathogenesis of {a_term} originates from {b_term}.,2020-2026
preeclampsia,Placenta|Placental,Maternal Cardiovascular system|Maternal Cardiovascular|mothers cardiovascular|mother's cardiovascular,"Mathew, V. et al. Genetic Risk and First-Trimester Cardiovascular Health Predict Hypertensive Disorders of Pregnancy in Nulliparous Women. J Am Coll Cardiol 85, 1488–1500 (2025).",40204378,The pathogenesis of {a_term} originates from {b_term}.,2020-2026
preeclampsia,Placenta|Placental,Maternal Cardiovascular system|Maternal Cardiovascular|mothers cardiovascular|mother's cardiovascular,"Matot, R. et al. Divergent profiles in early and late postpartum preeclampsia. Pregnancy Hypertension 43, 101422 (2026).",41619432,The pathogenesis of {a_term} originates from {b_term}.,2020-2026
multiple sclerosis|MS,autoimmunity|autoimmune|desensitized T-cells|disfunctional immune cells,Epstein-Barr Virus|EBV|viral&infection|virus|Primary Neurodegenerative model,"Lin, J., Zhou, J. & Xu, Y. Potential drug targets for multiple sclerosis identified through Mendelian randomization analysis. Brain 146, 3364–3372 (2023).",36864689,The primary cause of {a_term} is due to {b_term}.,2020-2026
multiple sclerosis|MS,autoimmunity|autoimmune|desensitized T-cells|disfunctional immune cells,Epstein-Barr Virus|EBV|viral&infection|virus|Primary Neurodegenerative model,"Hejazi, K., Rahimi, G. R. M. & Hofmeister, M. Effects of exercise training on some cytokine profiles in patients with multiple sclerosis: A systematic review and meta-analysis of randomized controlled trials. Mult Scler Relat Disord 107, 106951 (2026).",41477922,The primary cause of {a_term} is due to {b_term}.,2020-2026
multiple sclerosis|MS,autoimmunity|autoimmune|desensitized T-cells|disfunctional immune cells,Epstein-Barr Virus|EBV|viral&infection|virus|Primary Neurodegenerative model,"Gupta, S., Reddy, V., Lodha, L. & Ashwini, M. A. Epstein‐Barr Virus (EBV) and Autoimmune Diseases: Pathogenic Mechanisms and Therapeutic Insights. Journal of Medical Virology 98, e70785 (2026).",41459712,The primary cause of {a_term} is due to {b_term}.,2020-2026
Type 2 Diabetes,Peripheral&insulin&resistance,Pancreatic beta-cell failure|Pancreatic beta-cell|beta-cells,"Varra, F.-N., Theodosis-Nobelos, P., Varra, V.-K. & Varras, M. Mechanistic Insights into Antioxidant Interventions Targeting Obesity-Induced Oxidative Stress in the Pathogenesis and Complications of Type 2 Diabetes Mellitus. Curr Issues Mol Biol 47, 1063 (2025).",41614828,The primary defect in {a_term} is {b_term}.,2020-2026
Type 2 Diabetes,Peripheral&insulin&resistance,Pancreatic beta-cell failure|Pancreatic beta-cell|beta-cells,"Wysham, C. & Shubrook, J. Beta-cell failure in type 2 diabetes: mechanisms, markers, and clinical implications. Postgrad Med 132, 676–686 (2020).",32543261,The primary defect in {a_term} is {b_term}.,2020-2026
Type 2 Diabetes,Peripheral&insulin&resistance,Pancreatic beta-cell failure|Pancreatic beta-cell|beta-cells,"Xu, H. et al. Pancreatic β cell microRNA-26a alleviates type 2 diabetes by improving peripheral insulin sensitivity and preserving β cell function. PLoS Biol 18, e3000603 (2020).",32092075,The primary defect in {a_term} is {b_term}.,2020-2026
atherosclerosis,high cholesterol|LDL cholesterol|high lipid,Inflammation,"Kong, P. et al. Inflammation and atherosclerosis: signaling pathways and therapeutic intervention. Signal Transduct Target Ther 7, 131 (2022).",35459215,{b_term} is the primary driver of {a_term}.,2020-2026
atherosclerosis,high cholesterol|LDL cholesterol|high lipid,Inflammation,"Zaman, S. et al. The Lancet Commission on rethinking coronary artery disease: moving from ischaemia to atheroma. The Lancet 405, 1264–1312 (2025).",40179933,{b_term} is the primary driver of {a_term}.,2020-2026
atherosclerosis,high cholesterol|LDL cholesterol|high lipid,Inflammation,"Anderson, S. & Botti, C. The genetics of autosomal dominant familial hypercholesterolemia. J Am Assoc Nurse Pract 36, 136–142 (2024).",37624754,{b_term} is the primary driver of {a_term}.,2020-2026
atherosclerosis,high cholesterol|LDL cholesterol|high lipid,Inflammation,"Puppala, S. et al. Hepatic transcript signatures predict atherosclerotic lesion burden prior to a 2-year high cholesterol, high fat diet challenge. PLoS ONE 17, e0271514 (2022).",35925965,{b_term} is the primary driver of {a_term}.,2020-2026
atherosclerosis,high cholesterol|LDL cholesterol|high lipid,Inflammation,"Masana, L., Ibarretxe, D. & Plana, N. Reasons Why Combination Therapy Should Be the New Standard of Care to Achieve the LDL-Cholesterol Targets: Lipid-lowering combination therapy. Curr Cardiol Rep 22, 66 (2020).",32562015,{b_term} is the primary driver of {a_term}.,2020-2026
atherosclerosis,high cholesterol|LDL cholesterol|high lipid,Inflammation,"Libby, P. Inflammation during the life cycle of the atherosclerotic plaque. Cardiovasc Res 117, 2525–2536 (2021).",34550337,{b_term} is the primary driver of {a_term}.,2020-2026
atherosclerosis,high cholesterol|LDL cholesterol|high lipid,Inflammation,"Weber, B. N. et al. Novel Imaging Approaches to Cardiac Manifestations of Systemic Inflammatory Diseases. Journal of the American College of Cardiology 82, 2128–2151 (2023).",37993205,{b_term} is the primary driver of {a_term}.,2020-2026
Parkison's|Parkinsons,central nervous system|brain first,enteric nervous system|body first|gut first|gut|vagus nerve,"Armas, C. & Kaufman, P. Gut-Brain Axis: The Role of Gastrointestinal Issues in Parkinson’s Disease. Integr Med (Encinitas) 24, 20–27 (2025).",41586427,{a_term} originates first in the {b_term}.,2020-2026
Parkison's|Parkinsons,central nervous system|brain first,enteric nervous system|body first|gut first|gut|vagus nerve,"Ge, P., Dawson, V. L. & Dawson, T. M. PINK1 and Parkin mitochondrial quality control: a source of regional vulnerability in Parkinson’s disease. Mol Neurodegener 15, 20 (2020).",32169097,{a_term} originates first in the {b_term}.,2020-2026
Parkison's|Parkinsons,central nervous system|brain first,enteric nervous system|body first|gut first|gut|vagus nerve,"Benvenuti, L. et al. Enteric Glia at the Crossroads between Intestinal Immune System and Epithelial Barrier: Implications for Parkinson Disease. Int J Mol Sci 21, 9199 (2020).",33276665,{a_term} originates first in the {b_term}.,2020-2026
Parkison's|Parkinsons,central nervous system|brain first,enteric nervous system|body first|gut first|gut|vagus nerve,"Challis, C. et al. Gut-seeded α-synuclein fibrils promote gut dysfunction and brain pathology specifically in aged mice. Nat Neurosci 23, 327–336 (2020).",32066981,{a_term} originates first in the {b_term}.,2020-2026
consciousness,active global network integration|Global Neuronal Workspace Theory|global network,progressive integration|integrated information|modular model,"Mashour, G. A., Roelfsema, P., Changeux, J.-P. & Dehaene, S. Conscious Processing and the Global Neuronal Workspace Hypothesis. Neuron 105, 776–798 (2020).",32135090,{a_term} is derived via {b_term}.,2020-2026
consciousness,active global network integration|Global Neuronal Workspace Theory|global network,progressive integration|integrated information|modular model,"Liang, Z. et al. The EEG complexity, information integration and brain network changes in minimally conscious state patients during general anesthesia. J Neural Eng 20, (2023).",38055962,{a_term} is derived via {b_term}.,2020-2026
consciousness,active global network integration|Global Neuronal Workspace Theory|global network,progressive integration|integrated information|modular model,"Farisco, M. & Changeux, J.-P. About the compatibility between the perturbational complexity index and the global neuronal workspace theory of consciousness. Neurosci Conscious 2023, niad016 (2023).",37342235,{a_term} is derived via {b_term}.,2020-2026
consciousness,active global network integration|Global Neuronal Workspace Theory|global network,progressive integration|integrated information|modular model,"Hagger-Vaughan, N., Kolnier, D. & Storm, J. F. Non-apical plateau potentials and persistent firing induced by metabotropic cholinergic modulation in layer 2/3 pyramidal cells in the rat prefrontal cortex. PLoS One 19, e0314652 (2024).",39656720,{a_term} is derived via {b_term}.,2020-2026
consciousness,active global network integration|Global Neuronal Workspace Theory|global network,progressive integration|integrated information|modular model,"Zelmann, R. et al. Differential cortical network engagement during states of un/consciousness in humans. Neuron 111, 3479-3495.e6 (2023).",37659409,{a_term} is derived via {b_term}.,2020-2026
consciousness,active global network integration|Global Neuronal Workspace Theory|global network,progressive integration|integrated information|modular model,"Onoda, K., Miyauchi, S., Kan, S. & Akama, H. Decrease and recovery of integrated information Φ during anesthesia and sleep on human functional magnetic resonance imaging. Neurosci Conscious 2025, niaf024 (2025).",40901488,{a_term} is derived via {b_term}.,2020-2026
consciousness,active global network integration|Global Neuronal Workspace Theory|global network,progressive integration|integrated information|modular model,"Grigis, A. et al. Revisiting the standard for modeling functional brain network activity: Application to consciousness. PLoS One 19, e0314598 (2024).",39680526,{a_term} is derived via {b_term}.,2020-2026
consciousness,active global network integration|Global Neuronal Workspace Theory|global network,progressive integration|integrated information|modular model,"Leung, A., Cohen, D., van Swinderen, B. & Tsuchiya, N. Integrated information structure collapses with anesthetic loss of conscious arousal in Drosophila melanogaster. PLoS Comput Biol 17, e1008722 (2021).",33635858,{a_term} is derived via {b_term}.,2020-2026
neural code,firing rate|rate coding|firing rates,temporal coding|timing,"Li, S., Zhou, X., Constantinidis, C. & Qi, X.-L. Plasticity of Persistent Activity and Its Constraints. Front Neural Circuits 14, 15 (2020).",32528254,The {a_term} conveys information primarily by {b_term}.,2020-2026
neural code,firing rate|rate coding|firing rates,temporal coding|timing,"Zhu, H. et al. Temporal coding carries more stable cortical visual representations than firing rate over time. Nat Commun 16, 7162 (2025).",40759627,The {a_term} conveys information primarily by {b_term}.,2020-2026
neural code,firing rate|rate coding|firing rates,temporal coding|timing,"Fakharian, M. A., Taeckens, E. A., Vasserman, A. N., Shoup, A. M. & Shadmehr, R. Coordination of spike timing among the neurons of the cerebellum. bioRxiv 2025.12.03.692114 (2025) doi:10.64898/2025.12.03.692114.",41415466,The {a_term} conveys information primarily by {b_term}.,2020-2026
neural code,firing rate|rate coding|firing rates,temporal coding|timing,"Martel, A.-C. & Apicella, P. Temporal processing in the striatum: Interplay between midbrain dopamine neurons and striatal cholinergic interneurons. Eur J Neurosci 53, 2090–2099 (2021).",32281157,The {a_term} conveys information primarily by {b_term}.,2020-2026
neural code,firing rate|rate coding|firing rates,temporal coding|timing,"Gabbiani, F., Preuss, T. & Dewell, R. B. Approaching object acceleration differentially affects the predictions of neuronal collision avoidance models. Biol Cybern 117, 129–142 (2023).",37029831,The {a_term} conveys information primarily by {b_term}.,2020-2026
neural code,firing rate|rate coding|firing rates,temporal coding|timing,"Tabuchi, M. Dynamic neuronal instability generates synaptic plasticity and behavior: Insights from Drosophila sleep. Neurosci Res 198, 1–7 (2024).",37385545,The {a_term} conveys information primarily by {b_term}.,2020-2026
schizophrenia,dopamine signaling|dopamine,glutamate signaling|glutamate,"Simpson, E. H., Gallo, E. F., Balsam, P. D., Javitch, J. A. & Kellendonk, C. How changes in dopamine D2 receptor levels alter striatal circuit function and motivation. Mol Psychiatry 27, 436–444 (2022).",34385603,The main cause of {a_term} is due to {b_term}.,2020-2026
schizophrenia,dopamine signaling|dopamine,glutamate signaling|glutamate,"Zhao, Z. et al. Resolving the heterogeneity of dopamine subsystems dysfunction in schizophrenia: a PET meta-analysis. Schizophrenia (Heidelb) 11, 139 (2025).",41271811,The main cause of {a_term} is due to {b_term}.,2020-2026
schizophrenia,dopamine signaling|dopamine,glutamate signaling|glutamate,"Panganiban, K. J. et al. The cognitive metabolomic signatures in schizophrenia spectrum disorders: A systematic review. Psychiatry Res 353, 116742 (2025).",41037939,The main cause of {a_term} is due to {b_term}.,2020-2026
schizophrenia,dopamine signaling|dopamine,glutamate signaling|glutamate,"Lian, K. et al. Identification of biomarkers and therapeutic targets of schizophrenia using glutamine metabolism. Asian J Psychiatr 114, 104724 (2025).",41151350,The main cause of {a_term} is due to {b_term}.,2020-2026
schizophrenia,dopamine signaling|dopamine,glutamate signaling|glutamate,"Jeon, P. et al. Activity-dependent modulation of glutamate, glutamine and glutathione in first-episode schizophrenia: A 7T functional MRS study. Schizophr Res 285, 339–348 (2025).",41092762,The main cause of {a_term} is due to {b_term}.,2020-2026
schizophrenia,dopamine signaling|dopamine,glutamate signaling|glutamate,"Malik, J. A. et al. Understanding translational research in schizophrenia: A novel insight into animal models. Mol. Biol. Rep. 50, 3767–3785 (2023).",36692676,The main cause of {a_term} is due to {b_term}.,2020-2026
schizophrenia,dopamine signaling|dopamine,glutamate signaling|glutamate,"Howes, O. D., Bukala, B. R. & Beck, K. Schizophrenia: from neurochemistry to circuits, symptoms and treatments. Nat. Rev. Neurol. 20, 22–35 (2024).",38110704,The main cause of {a_term} is due to {b_term}.,2020-2026
obesity,calorie balance|caloric intake,carbohydrate quality|refined carbohydrates|refined carbohydrate,"Almehmadi, K., Fourman, S., Buesing, D. & Ulrich-Lai, Y. M. Western diet-induced obesity interferes with the HPA axis-blunting effects of palatable food in male rats. Physiol Behav 270, 114285 (2023).",37392828,The main cause of {a_term} has to do with {b_term}.,2020-2026
obesity,calorie balance|caloric intake,carbohydrate quality|refined carbohydrates|refined carbohydrate,"Cantu, A. E. et al. Triterpenoid CDDO-EA Protects from Hyperglycemia, Hyperinsulinemia, and Obesity by Decreasing Energy Intake. Int J Mol Sci 26, 5485 (2025).",40564946,The main cause of {a_term} has to do with {b_term}.,2020-2026
obesity,calorie balance|caloric intake,carbohydrate quality|refined carbohydrates|refined carbohydrate,"Nobre, I. G. et al. Food consumption habits, gestational age and birth weight are predictive for children with excess weight: An analysis based on artificial neural network. Nutr Health 32, 287–296 (2026).",36114639,The main cause of {a_term} has to do with {b_term}.,2020-2026
obesity,calorie balance|caloric intake,carbohydrate quality|refined carbohydrates|refined carbohydrate,"Giussani, M., Lieti, G., Orlando, A., Parati, G. & Genovesi, S. Fructose Intake, Hypertension and Cardiometabolic Risk Factors in Children and Adolescents: From Pathophysiology to Clinical Aspects. A Narrative Review. Front Med (Lausanne) 9, 792949 (2022).",35492316,The main cause of {a_term} has to do with {b_term}.,2020-2026
obesity,calorie balance|caloric intake,carbohydrate quality|refined carbohydrates|refined carbohydrate,"Zamanillo-Campos, R. et al. Longitudinal association of dietary carbohydrate quality with visceral fat deposition and other adiposity indicators. Clin Nutr 41, 2264–2274 (2022).",36084360,The main cause of {a_term} has to do with {b_term}.,2020-2026
autism|autistic disorder|autism spectrum disorder,microbiome,genetic predisposition,"Yadav, A. et al. Gut microbiota and behavioral ontogeny in autism spectrum disorder: a pathway to therapeutic innovations. Physiol. Behav. 299, 114989 (2025).",40505847,{a_term} is caused by {b_term}.,2025
autism|autistic disorder|autism spectrum disorder,microbiome,genetic predisposition,"Adams, J. B., Johansen, L. J., Powell, L. D., Quig, D. & Rubin, R. A. Gastrointestinal flora and gastrointestinal status in children with autism – comparisons to typical children and correlation with autism severity. BMC Gastroenterol. 11, 22 (2011).",21410934,{a_term} is caused by {b_term}.,2011
